Rabia,13503-9865279-6,25
Aziz,13503-8218283-5,25
Faraz,13503-8847469-7,20
Rania,13503-5432423-9,30
Faisal,20436-3725467-6,30
Zain,20436-1513245-3,25
Manzoor,20436-7463422-2,35
Wajiha,20436-1111773-9,30
Adeel,20436-1243647-4,30
Anees,78966-3546579-4,40
Mahwish,78966-7453423-9,35
Shahan,78966-2635465-9,30
Aliza,12345-9876547-4,20
Alishba,12345-9876542-2,25
Jamal,12345-1234567-1,30
Aneeka,12345-9127464-6,30
Maha,19283-9863547-3,30
Maham,19283-5373625-4,20
Laraib,19283-8732526-5,20
Nabeel,19283-9815373-6,20
Raheel,19283-1238475-9,30
Ruhia ,75643-0987635-0,25
Farhan,75643-8766265-9,30
Anwar,75643-1267345-0,40
Amjad,75643-1234345-1,35
Saleem,99998-9363562-0,20
Jawad,99998-9363434-3,15
Afnan,99998-2648585-9,20
Afsana,99998-2812786-0,10
Aftab,54674-2733536-6,25
Ahmed,54674-2734546-5,20
Aimen,54674-0978236-4,25
Akash,54674-0901982-0,25
Areeba,54674-0917363-3,30
Ali ,54674-9712673-6,15
Ayub,54674-9723635-2,25
Amir,44554-0238927-1,30
Amad,44554-2826364-0,35
Amsar,44554-1828923-1,35
Farhang,44554-0912892-0,35
Kamran,44554-0008883-3,40
Aneeq,33242-0239283-2,20
Aqib,33242-0298972-1,15
Aqleema,33242-0023273-3,15
Areej,33242-9297387-6,15
Arham,33242-0192827-9,10
Araf,33242-1933838-3,20
Armaghan,33242-1384784-1,20
Haris,95954-9308474-0,30
Abeer,95954-2266373-7,35
Ahsan,95954-2927175-1,40
Amina,95954-0120181-1,25
Naveed,95954-0022949-1,30
Annie,25234-1717171-1,10
Aryan,25234-0019827-3,15
Aymen,25234-0917262-5,10
Bakhtawar,25234-9988774-3,15
Taiba,25234-0099887-7,15
Sara,25234-9922773-4,15
Sundus,77777-6655327-2,20
Faiza,77777-2827622-2,20
Hafza,77777-2982718-6,25
Momina,77777-2211721-9,20
Hajira,77777-2272542-5,20
Haram,56784-3823762-5,65
Hijab,56784-1281652-4,80
Kashaf,56784-1273975-3,75
Kiran,56784-8293726-2,80
Mahneen,56784-1229774-4,65
